<?xml version="1.0" encoding="utf-8"?>
<!--/907511/361417/2.48/4/4/LED/-->
<quadcept_library>
  <setting unit="mil" />
  <textstyle name="Default" height="47.244094488189" strokewidth="7.8740157480315" charwidth="47.244094488189" />
  <textstyle name="Dimension" height="19.6850393700787" strokewidth="0" charwidth="19.6850393700787" />
  <textstyle name="H127W0635TH00762" height="50" strokewidth="3" charwidth="25" />
  <textstyle name="H15W15TH02" height="59.0551181102362" strokewidth="7.8740157480315" charwidth="59.0551181102362" />
  <padstyle name="c140_h88.9" surface="False" plated="True" isvia="False" nopaste="True" nomask="True" complex="False" holesize="35">
    <padshape layer="TOP" shape="round" width="55.11811023622" height="55.11811023622" />
    <padshape layer="TOP_SOLDER_MASK" shape="round" width="62.992125984251" height="62.992125984251" />
    <padshape layer="INNER" shape="round" width="55.11811023622" height="55.11811023622" />
    <padshape layer="BOTTOM" shape="round" width="55.11811023622" height="55.11811023622" />
    <padshape layer="BOTTOM_SOLDER_MASK" shape="round" width="62.992125984251" height="62.992125984251" />
  </padstyle>
  <footprint name="L-154A4SUREQBFZGEC" originx="0" originy="0" pickpointx="0" pickpointy="0">
    <pcbpin number="1" name="1" style="c140_h88.9" originx="19.685039370078" originy="-74.999999999999" rotation="90" />
    <pcbpin number="2" name="2" style="c140_h88.9" originx="-19.685039370078" originy="-25" rotation="90" />
    <pcbpin number="3" name="3" style="c140_h88.9" originx="19.685039370078" originy="25" rotation="90" />
    <pcbpin number="4" name="4" style="c140_h88.9" originx="-19.685039370078" originy="74.999999999999" rotation="90" />
    <arc layer="TOP_ASSEMBLY" originx="-116.14173228346" originy="0" startangle="180" sweepangle="180" radius="0" width="7.8740157480314" />
    <arc layer="TOP_ASSEMBLY" originx="-116.14173228346" originy="0" startangle="180" sweepangle="-180" radius="0" width="7.8740157480314" />
    <arc layer="TOP_SILKSCREEN" originx="-116.14173228346" originy="0" startangle="180" sweepangle="180" radius="0" width="7.8740157480314" />
    <arc layer="TOP_SILKSCREEN" originx="-116.14173228346" originy="0" startangle="180" sweepangle="-180" radius="0" width="7.8740157480314" />
    <arc layer="TOP_SILKSCREEN" originx="32.67716535433" originy="-130.82677165354" startangle="180" sweepangle="180" radius="1.6141732283464" width="7.8740157480314" />
    <arc layer="TOP_SILKSCREEN" originx="32.67716535433" originy="-130.82677165354" startangle="180" sweepangle="-180" radius="1.6141732283464" width="7.8740157480314" />
  </footprint>
  <symbol name="WP154A4SEJ3VBDZGW_CA" originx="0" originy="0">
    <line originx="200" originy="100" endx="1800" endy="100" width="0" />
    <line originx="1800" originy="-200" endx="1800" endy="100" width="0" />
    <line originx="1800" originy="-200" endx="200" endy="-200" width="0" />
    <line originx="200" originy="100" endx="200" endy="-200" width="0" />
    <sympin number="1" originx="1800" originy="-100" rotation="0" length="100" width="7.8740157480315" flipped="False">
      <text name="pinname" originx="1770" originy="-100" style="Default" rotation="0" justify="right" flipped="False" hidden="False" data="RED_CATHODE" />
      <text name="pindes" originx="1860" originy="-80" style="Default" rotation="0" justify="lowerleft" flipped="False" hidden="False" data="1" />
    </sympin>
    <sympin number="2" originx="200" originy="-100" rotation="180" length="100" width="7.8740157480315" flipped="False">
      <text name="pinname" originx="230" originy="-100" style="Default" rotation="0" justify="left" flipped="False" hidden="False" data="COMMON_ANODE" />
      <text name="pindes" originx="140" originy="-80" style="Default" rotation="0" justify="lowerright" flipped="False" hidden="False" data="2" />
    </sympin>
    <sympin number="3" originx="1800" originy="0" rotation="0" length="100" width="7.8740157480315" flipped="False">
      <text name="pinname" originx="1770" originy="0" style="Default" rotation="0" justify="right" flipped="False" hidden="False" data="BLUE_CATHODE" />
      <text name="pindes" originx="1860" originy="20" style="Default" rotation="0" justify="lowerleft" flipped="False" hidden="False" data="3" />
    </sympin>
    <sympin number="4" originx="200" originy="0" rotation="180" length="100" width="7.8740157480315" flipped="False">
      <text name="pinname" originx="230" originy="0" style="Default" rotation="0" justify="left" flipped="False" hidden="False" data="GREEN_CATHODE" />
      <text name="pindes" originx="140" originy="20" style="Default" rotation="0" justify="lowerright" flipped="False" hidden="False" data="4" />
    </sympin>
  </symbol>
  <component name="WP154A4SEJ3VBDZGW_CA" designatorprefix="LED" height="0" footprint="L-154A4SUREQBFZGEC">
    <comppin designator="1" sympin="1" pinswap="0" gateswap="0" gate="1" group="1" side="" type="Any" name="RED_CATHODE" />
    <comppin designator="2" sympin="2" pinswap="0" gateswap="0" gate="1" group="1" side="" type="Any" name="COMMON_ANODE" />
    <comppin designator="3" sympin="3" pinswap="0" gateswap="0" gate="1" group="1" side="" type="Any" name="BLUE_CATHODE" />
    <comppin designator="4" sympin="4" pinswap="0" gateswap="0" gate="1" group="1" side="" type="Any" name="GREEN_CATHODE" />
    <attached_symbol gate="1" name="WP154A4SEJ3VBDZGW_CA" />
    <pinmap designator="1" footprintpin="1" />
    <pinmap designator="2" footprintpin="2" />
    <pinmap designator="3" footprintpin="3" />
    <pinmap designator="4" footprintpin="4" />
    <text name="Datasheet" originx="0" originy="0" style="Default" rotation="0" justify="" flipped="False" hidden="True" data="http://www.kingbrightusa.com/images/catalog/SPEC/WP154A4SEJ3VBDZGW-CA.pdf" />
    <text name="Description" originx="0" originy="0" style="Default" rotation="0" justify="" flipped="False" hidden="True" data="Standard LEDs - Through Hole 5MM RGB LED" />
    <text name="Manufacturer_Name" originx="0" originy="0" style="Default" rotation="0" justify="" flipped="False" hidden="True" data="Kingbright" />
    <text name="Manufacturer_Part_Number" originx="1850" originy="200" style="Default" rotation="0" justify="left" flipped="False" hidden="False" data="WP154A4SEJ3VBDZGW/CA" />
    <text name="Mouser Part Number" originx="0" originy="0" style="Default" rotation="0" justify="" flipped="False" hidden="True" data="604-WP154A43VBDZGWCA" />
    <text name="Mouser Price/Stock" originx="0" originy="0" style="Default" rotation="0" justify="" flipped="False" hidden="True" data="https://www.mouser.co.uk/ProductDetail/Kingbright/WP154A4SEJ3VBDZGW-CA/?qs=YCa%2FAAYMW01xRqZww6UuiQ%3D%3D" />
    <text name="Arrow Part Number" originx="0" originy="0" style="Default" rotation="0" justify="" flipped="False" hidden="True" data="WP154A4SEJ3VBDZGW/CA" />
    <text name="Arrow Price/Stock" originx="0" originy="0" style="Default" rotation="0" justify="" flipped="False" hidden="True" data="https://www.arrow.com/en/products/wp154a4sej3vbdzgwca/kingbright" />
  </component>
</quadcept_library>
